ticker,date,Dividends,Avg_Close_Prev_1_Month,Type,source
AGG,2003-11-01,0.359,101.7373915962551,History,yfinance
AGG,2003-12-01,0.272,101.64368358411286,History,yfinance
AGG,2003-12-01,0.291,101.64368358411286,History,yfinance
AGG,2004-02-01,0.278,102.74549942016601,History,yfinance
AGG,2004-03-01,0.246,102.9899986668637,History,yfinance
AGG,2004-04-01,0.26,103.9765220310377,History,yfinance
AGG,2004-05-01,0.27,101.8066664196196,History,yfinance
AGG,2004-06-01,0.317,99.77399978637695,History,yfinance
AGG,2004-07-01,0.317,99.76476106189546,History,yfinance
AGG,2004-08-01,0.322,100.86523837134952,History,yfinance
AGG,2004-09-01,0.318,101.91545486450195,History,yfinance
AGG,2004-10-01,0.317,102.63428642636254,History,yfinance
AGG,2004-11-01,0.279,102.7490474155971,History,yfinance
AGG,2004-12-01,0.308,102.52428545270648,History,yfinance
AGG,2004-12-01,0.304,102.52428545270648,History,yfinance
AGG,2005-02-01,0.309,102.64350090026855,History,yfinance
AGG,2005-03-01,0.287,102.78947448730469,History,yfinance
AGG,2005-04-01,0.343,101.26545403220437,History,yfinance
AGG,2005-05-01,0.334,101.68095216296967,History,yfinance
AGG,2005-06-01,0.348,102.21238127208892,History,yfinance
AGG,2005-07-01,0.333,102.92818173495206,History,yfinance
AGG,2005-08-01,0.331,102.23349990844727,History,yfinance
AGG,2005-09-01,0.34,101.83130380381708,History,yfinance
AGG,2005-10-01,0.337,102.00190662202381,History,yfinance
AGG,2005-11-01,0.364,100.72619083949498,History,yfinance
AGG,2005-12-01,0.379,100.07333337692987,History,yfinance
AGG,2005-12-01,0.384,100.07333337692987,History,yfinance
AGG,2006-02-01,0.371,100.78449974060058,History,yfinance
AGG,2006-03-01,0.373,100.09105240671258,History,yfinance
AGG,2006-04-01,0.383,99.39347806184188,History,yfinance
AGG,2006-05-01,0.375,98.42315874601665,History,yfinance
AGG,2006-06-01,0.383,97.97499951449308,History,yfinance
AGG,2006-07-01,0.388,97.70999977805398,History,yfinance
AGG,2006-08-01,0.409,97.79099922180175,History,yfinance
AGG,2006-09-01,0.393,98.87000042459239,History,yfinance
AGG,2006-10-01,0.414,99.56649971008301,History,yfinance
AGG,2006-11-01,0.422,99.60999922318892,History,yfinance
AGG,2006-12-01,0.398,100.30238124302456,History,yfinance
AGG,2006-12-01,0.369,100.30238124302456,History,yfinance
AGG,2007-02-01,0.393,99.79749984741211,History,yfinance
AGG,2007-03-01,0.394,100.02157914011102,History,yfinance
AGG,2007-04-01,0.389,100.5086371681907,History,yfinance
AGG,2007-05-01,0.382,100.00200042724609,History,yfinance
AGG,2007-06-01,0.428,99.73772777210583,History,yfinance
AGG,2007-07-01,0.421,98.03714243570964,History,yfinance
AGG,2007-08-01,0.431,98.19857097807385,History,yfinance
AGG,2007-09-01,0.429,98.88608816395636,History,yfinance
AGG,2007-10-01,0.414,99.87736872622841,History,yfinance
AGG,2007-11-01,0.417,100.05869591754416,History,yfinance
AGG,2007-12-01,0.407,101.03952353341239,History,yfinance
AGG,2007-12-01,0.409,101.03952353341239,History,yfinance
AGG,2008-02-01,0.415,102.71999940418061,History,yfinance
AGG,2008-03-01,0.383,102.31749992370605,History,yfinance
AGG,2008-04-01,0.415,102.41149940490723,History,yfinance
AGG,2008-05-01,0.326,102.13181894475764,History,yfinance
AGG,2008-06-01,0.394,101.76666877383278,History,yfinance
AGG,2008-07-01,0.384,100.11333356584821,History,yfinance
AGG,2008-08-01,0.402,99.90272799405184,History,yfinance
AGG,2008-09-01,0.394,100.11571430024647,History,yfinance
AGG,2008-10-01,0.39,100.39666675385975,History,yfinance
AGG,2008-11-01,0.4,95.4186955327573,History,yfinance
AGG,2008-12-01,0.403,96.97052604273746,History,yfinance
AGG,2008-12-01,0.376,96.97052604273746,History,yfinance
AGG,2009-02-01,0.366,102.90799980163574,History,yfinance
AGG,2009-03-01,0.327,101.3021055522718,History,yfinance
AGG,2009-04-01,0.351,100.69272717562589,History,yfinance
AGG,2009-05-01,0.329,101.02714284261067,History,yfinance
AGG,2009-06-01,0.308,101.55200004577637,History,yfinance
AGG,2009-07-01,0.342,101.09045444835316,History,yfinance
AGG,2009-08-01,0.334,102.40636305375533,History,yfinance
AGG,2009-09-01,0.332,103.02142733619327,History,yfinance
AGG,2009-10-01,0.342,104.18619028727214,History,yfinance
AGG,2009-11-01,0.324,104.52727300470525,History,yfinance
AGG,2009-12-01,0.353,104.89200019836426,History,yfinance
AGG,2009-12-01,0.302,104.89200019836426,History,yfinance
AGG,2010-02-01,0.327,104.10263181987561,History,yfinance
AGG,2010-03-01,0.323,104.21368448357833,History,yfinance
AGG,2010-04-01,0.321,104.49652165951936,History,yfinance
AGG,2010-05-01,0.312,104.13761901855469,History,yfinance
AGG,2010-06-01,0.324,105.17849998474121,History,yfinance
AGG,2010-07-01,0.314,106.1359089938077,History,yfinance
AGG,2010-08-01,0.294,107.2085712977818,History,yfinance
AGG,2010-09-01,0.298,108.10136344216086,History,yfinance
AGG,2010-10-01,0.265,108.18999989827473,History,yfinance
AGG,2010-11-01,0.276,108.4557149977911,History,yfinance
AGG,2010-12-01,0.553,107.75952439081101,History,yfinance
AGG,2010-12-01,0.344,107.75952439081101,History,yfinance
AGG,2011-02-01,0.316,105.60800056457519,History,yfinance
AGG,2011-03-01,0.285,104.67842222514905,History,yfinance
AGG,2011-04-01,0.313,105.40173804241678,History,yfinance
AGG,2011-05-01,0.316,105.41149978637695,History,yfinance
AGG,2011-06-01,0.313,106.87047613234748,History,yfinance
AGG,2011-07-01,0.304,107.34409054842862,History,yfinance
AGG,2011-08-01,0.3,107.32950019836426,History,yfinance
AGG,2011-09-01,0.232,109.28521761686906,History,yfinance
AGG,2011-10-01,0.219,110.03095354352679,History,yfinance
AGG,2011-11-01,0.287,109.42857179187592,History,yfinance
AGG,2011-12-01,0.028,109.82714189801898,History,yfinance
AGG,2011-12-01,0.578,109.82714189801898,History,yfinance
AGG,2012-02-01,0.275,110.27050094604492,History,yfinance
AGG,2012-03-01,0.277,110.5370002746582,History,yfinance
AGG,2012-04-01,0.243,109.82136258212003,History,yfinance
AGG,2012-05-01,0.23,110.20849990844727,History,yfinance
AGG,2012-06-01,0.238,110.84909092296253,History,yfinance
AGG,2012-07-01,0.223,111.18476141066779,History,yfinance
AGG,2012-08-01,0.22,112.11380913144066,History,yfinance
AGG,2012-09-01,0.219,111.79391313635784,History,yfinance
AGG,2012-10-01,0.207,111.92789459228516,History,yfinance
AGG,2012-11-01,0.243,112.05857122512091,History,yfinance
AGG,2012-12-01,0.666,112.08333333333333,History,yfinance
AGG,2012-12-01,0.23,112.08333333333333,History,yfinance
AGG,2013-02-01,0.211,110.7480951944987,History,yfinance
AGG,2013-03-01,0.209,110.2978949295847,History,yfinance
AGG,2013-04-01,0.26,110.32850074768066,History,yfinance
AGG,2013-05-01,0.202,111.12181750210848,History,yfinance
AGG,2013-06-01,0.195,110.28136270696467,History,yfinance
AGG,2013-07-01,0.198,107.96100006103515,History,yfinance
AGG,2013-08-01,0.205,107.05954603715377,History,yfinance
AGG,2013-09-01,0.198,106.35409095070578,History,yfinance
AGG,2013-10-01,0.191,106.22400016784668,History,yfinance
AGG,2013-11-01,0.19,107.43869615637738,History,yfinance
AGG,2013-12-01,0.203,107.2404998779297,History,yfinance
AGG,2013-12-01,0.21,107.2404998779297,History,yfinance
AGG,2014-02-01,0.206,107.14904748825799,History,yfinance
AGG,2014-03-01,0.2,107.8794732344778,History,yfinance
AGG,2014-04-01,0.205,107.79761904761905,History,yfinance
AGG,2014-05-01,0.198,108.15714372907367,History,yfinance
AGG,2014-06-01,0.207,109.0414287022182,History,yfinance
AGG,2014-07-01,0.196,108.94047619047619,History,yfinance
AGG,2014-08-01,0.2,109.09227336536755,History,yfinance
AGG,2014-09-01,0.195,109.51619066510882,History,yfinance
AGG,2014-10-01,0.189,108.97904750279018,History,yfinance
AGG,2014-11-01,0.192,110.1282607368801,History,yfinance
AGG,2014-12-01,0.282,109.84368494937294,History,yfinance
AGG,2014-12-01,0.369,109.84368494937294,History,yfinance
AGG,2015-02-01,0.176,111.39500007629394,History,yfinance
AGG,2015-03-01,0.186,111.0842100444593,History,yfinance
AGG,2015-04-01,0.211,110.76954512162642,History,yfinance
AGG,2015-05-01,0.206,111.38999975295295,History,yfinance
AGG,2015-06-01,0.206,109.90199928283691,History,yfinance
AGG,2015-07-01,0.216,108.74409103393555,History,yfinance
AGG,2015-08-01,0.213,108.8359094099565,History,yfinance
AGG,2015-09-01,0.222,109.22809491838727,History,yfinance
AGG,2015-10-01,0.205,109.10619063604446,History,yfinance
AGG,2015-11-01,0.215,109.6663634560325,History,yfinance
AGG,2015-12-01,0.37,108.62299957275391,History,yfinance
AGG,2015-12-01,0.222,108.62299957275391,History,yfinance
AGG,2016-02-01,0.228,108.70315752531353,History,yfinance
AGG,2016-03-01,0.221,109.69599914550781,History,yfinance
AGG,2016-04-01,0.222,109.83863657171077,History,yfinance
AGG,2016-05-01,0.205,110.73619043259393,History,yfinance
AGG,2016-06-01,0.218,110.78666614350819,History,yfinance
AGG,2016-07-01,0.212,111.58863691850142,History,yfinance
AGG,2016-08-01,0.207,112.6930004119873,History,yfinance
AGG,2016-09-01,0.208,112.49826082975969,History,yfinance
AGG,2016-10-01,0.203,112.13047717866444,History,yfinance
AGG,2016-11-01,0.21,111.56142934163411,History,yfinance
AGG,2016-12-01,0.204,109.42047591436477,History,yfinance
AGG,2016-12-01,0.249,109.42047591436477,History,yfinance
AGG,2017-02-01,0.218,108.29749984741211,History,yfinance
AGG,2017-03-01,0.22,108.36894748085423,History,yfinance
AGG,2017-04-01,0.222,107.95521810780401,History,yfinance
AGG,2017-05-01,0.239,109.00947329872533,History,yfinance
AGG,2017-06-01,0.23,109.07681725241922,History,yfinance
AGG,2017-07-01,0.225,109.7977277582342,History,yfinance
AGG,2017-08-01,0.23,109.4125,History,yfinance
AGG,2017-09-01,0.23,109.92608708920686,History,yfinance
AGG,2017-10-01,0.227,109.96600036621093,History,yfinance
AGG,2017-11-01,0.228,109.44727290760387,History,yfinance
AGG,2017-12-01,0.231,109.33999997093564,History,yfinance
AGG,2017-12-01,0.036,109.33999997093564,History,yfinance
AGG,2018-02-01,0.242,108.5952384585426,History,yfinance
AGG,2018-03-01,0.235,106.83473647268195,History,yfinance
AGG,2018-04-01,0.243,106.6066665649414,History,yfinance
AGG,2018-05-01,0.24,106.49285707019624,History,yfinance
AGG,2018-06-01,0.249,105.74272710626775,History,yfinance
AGG,2018-07-01,0.229,105.9028570992606,History,yfinance
AGG,2018-08-01,0.251,106.21999976748512,History,yfinance
AGG,2018-09-01,0.232,106.28260869565217,History,yfinance
AGG,2018-10-01,0.252,105.66421026932566,History,yfinance
AGG,2018-11-01,0.513,104.64782648501189,History,yfinance
AGG,2018-12-01,0.251,104.4585712977818,History,yfinance
AGG,2018-12-01,0.21,104.4585712977818,History,yfinance
AGG,2019-02-01,0.268,106.63381049746559,History,yfinance
AGG,2019-03-01,0.267,107.20842140599301,History,yfinance
AGG,2019-04-01,0.262,107.8414284842355,History,yfinance
AGG,2019-05-01,0.26,108.35428510393415,History,yfinance
AGG,2019-06-01,0.26,108.9950003190474,History,yfinance
AGG,2019-07-01,0.252,110.76549987792968,History,yfinance
AGG,2019-08-01,0.26,111.1468179876154,History,yfinance
AGG,2019-09-01,0.263,113.25500002774325,History,yfinance
AGG,2019-10-01,0.255,112.90299987792969,History,yfinance
AGG,2019-11-01,0.251,112.94913084610648,History,yfinance
AGG,2019-12-01,0.246,112.53250083923339,History,yfinance
AGG,2019-12-01,0.191,112.53250083923339,History,yfinance
AGG,2020-02-01,0.243,113.37095351446243,History,yfinance
AGG,2020-03-01,0.239,114.60526315789474,History,yfinance
AGG,2020-04-01,0.249,113.98545490611683,History,yfinance
AGG,2020-05-01,0.236,116.61666652134487,History,yfinance
AGG,2020-06-01,0.214,116.95449981689453,History,yfinance
AGG,2020-07-01,0.223,117.59181906960227,History,yfinance
AGG,2020-08-01,0.207,118.84227267178622,History,yfinance
AGG,2020-09-01,0.195,118.72761826288132,History,yfinance
AGG,2020-10-01,0.202,118.28619094122024,History,yfinance
AGG,2020-11-01,0.192,117.70409115878019,History,yfinance
AGG,2020-12-01,0.206,117.79549942016601,History,yfinance
AGG,2020-12-01,0.125,117.79549942016601,History,yfinance
AGG,2021-02-01,0.192,117.36210511860095,History,yfinance
AGG,2021-03-01,0.19,116.28578989129318,History,yfinance
AGG,2021-04-01,0.172,114.09347899063773,History,yfinance
AGG,2021-05-01,0.173,114.41095188685826,History,yfinance
AGG,2021-06-01,0.167,114.36400032043457,History,yfinance
AGG,2021-07-01,0.156,114.92500062422319,History,yfinance
AGG,2021-08-01,0.167,115.98380969819569,History,yfinance
AGG,2021-09-01,0.167,116.00818217884411,History,yfinance
AGG,2021-10-01,0.18,115.7385715302967,History,yfinance
AGG,2021-11-01,0.18,114.44761803036644,History,yfinance
AGG,2021-12-01,0.162,114.4019045148577,History,yfinance
AGG,2021-12-01,0.117,114.4019045148577,History,yfinance
AGG,2022-02-01,0.161,112.27150039672851,History,yfinance
AGG,2022-03-01,0.161,110.11052623548005,History,yfinance
AGG,2022-04-01,0.16,108.0600002122962,History,yfinance
AGG,2022-05-01,0.181,104.31199989318847,History,yfinance
AGG,2022-06-01,0.186,102.82380894252232,History,yfinance
AGG,2022-07-01,0.186,101.21190534319196,History,yfinance
AGG,2022-08-01,0.2,102.40599899291992,History,yfinance
AGG,2022-09-01,0.204,102.48000070323114,History,yfinance
AGG,2022-10-01,0.211,98.41952332996186,History,yfinance
AGG,2022-11-01,0.216,95.19476173037575,History,yfinance
AGG,2022-12-01,0.226,96.3519047328404,History,yfinance
AGG,2022-12-01,0.226,96.3519047328404,History,yfinance
AGG,2023-02-01,0.245,99.63849906921386,History,yfinance
AGG,2023-03-01,0.234,98.47789403011924,History,yfinance
AGG,2023-04-01,0.252,98.41739123800527,History,yfinance
AGG,2023-05-01,0.249,99.68736789101048,History,yfinance
AGG,2023-06-01,0.258,98.82409113103694,History,yfinance
AGG,2023-07-01,0.255,98.13142830984933,History,yfinance
AGG,2023-08-01,0.265,97.60950012207032,History,yfinance
AGG,2023-09-01,0.26,96.16521785570228,History,yfinance
AGG,2023-10-01,0.257,95.1694995880127,History,yfinance
AGG,2023-11-01,0.277,92.76818188753995,History,yfinance
AGG,2023-12-01,0.274,94.81904747372582,History,yfinance
AGG,2023-12-01,0.282,94.81904747372582,History,yfinance
AGG,2024-02-01,0.293,98.40809449695405,History,yfinance
AGG,2024-03-01,0.286,97.50300064086915,History,yfinance
AGG,2024-04-01,0.29,97.67300033569336,History,yfinance
AGG,2024-05-01,0.295,95.91181876442649,History,yfinance
AGG,2024-06-01,0.302,96.39318188753995,History,yfinance
AGG,2024-07-01,0.301,97.40315848902652,History,yfinance
AGG,2024-08-01,0.304,97.92000024968928,History,yfinance
AGG,2024-09-01,0.312,100.1363639831543,History,yfinance
AGG,2024-10-01,0.307,101.39750022888184,History,yfinance
AGG,2024-11-01,0.31,99.40652167278787,History,yfinance
AGG,2024-12-01,0.312,98.09199981689453,History,yfinance
AGG,2024-12-01,0.316,98.09199981689453,History,yfinance
AGG,2025-02-01,0.322,96.85699996948242,History,yfinance
AGG,2025-03-01,0.304,97.8194724635074,History,yfinance
AGG,2025-04-01,0.325,98.56381043933686,History,yfinance
AGG,2025-05-01,0.321,98.20523797898065,History,yfinance
AGG,2025-06-01,0.323,97.62999979654948,History,yfinance
AGG,2025-07-01,0.319,98.1299991607666,History,yfinance
AGG,2025-08-01,0.33,98.32954545454545,History,yfinance
AGG,2025-09-01,0.327,99.17285737537202,History,yfinance
EEM,2003-12-01,0.077,16.616140465987357,History,yfinance
EEM,2003-12-01,0.013444,16.616140465987357,History,yfinance
EEM,2004-12-01,0.268111,20.891957691737584,History,yfinance
EEM,2005-12-01,0.329333,27.73206374758766,History,yfinance
EEM,2006-12-01,0.524333,35.55428604852585,History,yfinance
EEM,2007-12-01,0.649,50.90809522356306,History,yfinance
EEM,2008-06-01,0.517333,50.105714343843005,History,yfinance
EEM,2008-12-01,0.34,22.797894829197933,History,yfinance
EEM,2009-06-01,0.247,31.305500316619874,History,yfinance
EEM,2009-12-01,0.012,40.57400016784668,History,yfinance
EEM,2009-12-01,0.323,40.57400016784668,History,yfinance
EEM,2010-06-01,0.262,38.80900001525879,History,yfinance
EEM,2010-12-01,0.359,46.584285736083984,History,yfinance
EEM,2010-12-01,0.025,46.584285736083984,History,yfinance
EEM,2011-06-01,0.461,47.704761868431454,History,yfinance
EEM,2011-12-01,0.347,39.373809451148624,History,yfinance
EEM,2012-06-01,0.468,39.264091144908555,History,yfinance
EEM,2012-12-01,0.262,41.2504761105492,History,yfinance
EEM,2012-12-01,0.014,41.2504761105492,History,yfinance
EEM,2013-06-01,0.493,43.077726884321734,History,yfinance
EEM,2013-12-01,0.366,41.78649978637695,History,yfinance
EEM,2014-06-01,0.341,42.39190455845424,History,yfinance
EEM,2014-12-01,0.535,41.495263149863796,History,yfinance
EEM,2015-06-01,0.301,42.5269998550415,History,yfinance
EEM,2015-12-01,0.501,34.701499938964844,History,yfinance
EEM,2016-06-01,0.266,32.752380916050505,History,yfinance
EEM,2016-12-01,0.396,35.55095254807245,History,yfinance
EEM,2017-06-01,0.192,40.95090935446999,History,yfinance
EEM,2017-12-01,0.697,46.70904777163551,History,yfinance
EEM,2018-06-01,0.29,46.45681780034845,History,yfinance
EEM,2018-12-01,0.584,40.47285715738932,History,yfinance
EEM,2019-06-01,0.311,41.383636474609375,History,yfinance
EEM,2019-12-01,0.929,43.22850017547607,History,yfinance
EEM,2020-06-01,0.23,36.643999862670896,History,yfinance
EEM,2020-12-01,0.519,48.251999855041504,History,yfinance
EEM,2021-06-01,0.241,53.627499961853026,History,yfinance
EEM,2021-12-01,0.707,50.84142830258324,History,yfinance
EEM,2021-12-01,0.026,50.84142830258324,History,yfinance
EEM,2022-06-01,0.362,41.10333360944475,History,yfinance
EEM,2022-12-01,0.584,37.227142697288876,History,yfinance
EEM,2023-06-01,0.31,38.88681775873358,History,yfinance
EEM,2023-12-01,0.748,38.96333331153507,History,yfinance
EEM,2024-06-01,0.29,42.71499997919256,History,yfinance
EEM,2024-12-01,0.727,43.81600017547608,History,yfinance
EEM,2025-06-01,0.452,45.66047632126581,History,yfinance
EFA,2001-10-01,0.055333,37.4488889058431,History,yfinance
EFA,2001-12-01,0.027333,39.67380941481817,History,yfinance
EFA,2002-12-01,0.627333,34.021999549865725,History,yfinance
EFA,2003-12-01,0.156667,41.8228067096911,History,yfinance
EFA,2003-12-01,0.522667,41.8228067096911,History,yfinance
EFA,2004-12-01,0.803,50.89825403122675,History,yfinance
EFA,2005-12-01,1.11,57.45857129778181,History,yfinance
EFA,2006-12-01,1.533,71.1566663469587,History,yfinance
EFA,2007-12-01,2.0,82.04428609212239,History,yfinance
EFA,2008-06-01,1.308,76.79142761230469,History,yfinance
EFA,2008-12-01,0.541,41.82526317395662,History,yfinance
EFA,2009-06-01,0.945,45.14650001525879,History,yfinance
EFA,2009-12-01,0.496,55.72049980163574,History,yfinance
EFA,2010-06-01,0.859,49.920999908447264,History,yfinance
EFA,2010-12-01,0.538,57.188571384974885,History,yfinance
EFA,2011-06-01,1.141,61.28095227196103,History,yfinance
EFA,2011-12-01,0.569,50.041428883870445,History,yfinance
EFA,2012-06-01,1.149,50.170454718849875,History,yfinance
EFA,2012-12-01,0.61,53.49476151239304,History,yfinance
EFA,2013-06-01,1.152,62.31090875105424,History,yfinance
EFA,2013-12-01,0.552,65.7234992980957,History,yfinance
EFA,2014-06-01,1.676,68.58238074893043,History,yfinance
EFA,2014-12-01,0.585,63.471053073280736,History,yfinance
EFA,2015-06-01,1.111,67.39099998474121,History,yfinance
EFA,2015-12-01,0.508,60.65950031280518,History,yfinance
EFA,2016-06-01,1.175,57.71666717529297,History,yfinance
EFA,2016-12-01,0.596,56.92809531802223,History,yfinance
EFA,2017-06-01,1.062,65.4359085776589,History,yfinance
EFA,2017-12-01,0.743,69.58666701543899,History,yfinance
EFA,2018-06-01,1.354,70.9045455239036,History,yfinance
EFA,2018-12-01,0.638,62.899047306605745,History,yfinance
EFA,2019-06-01,1.376,64.88454523953524,History,yfinance
EFA,2019-12-01,0.776,68.23699989318848,History,yfinance
EFA,2020-06-01,0.858,56.79149990081787,History,yfinance
EFA,2020-12-01,0.694,68.58099956512451,History,yfinance
EFA,2021-06-01,1.102,79.53900032043457,History,yfinance
EFA,2021-12-01,1.352,80.43380918956939,History,yfinance
EFA,2021-12-01,0.163,80.43380918956939,History,yfinance
EFA,2022-06-01,1.498,67.85761878603981,History,yfinance
EFA,2022-12-01,0.268,63.71285701933361,History,yfinance
EFA,2023-06-01,1.311,72.89545405994762,History,yfinance
EFA,2023-12-01,0.931,70.62428610665458,History,yfinance
EFA,2024-06-01,1.393,80.33363619717684,History,yfinance
EFA,2024-12-01,1.057,78.28300018310547,History,yfinance
EFA,2025-06-01,1.519,87.1066665649414,History,yfinance
IWM,2000-06-01,0.03,46.901041666666664,History,yfinance
IWM,2000-09-01,0.178,51.46195652173913,History,yfinance
IWM,2000-12-01,0.217,48.062127976190474,History,yfinance
IWM,2001-03-01,0.097,49.35210539165296,History,yfinance
IWM,2001-06-01,0.142,49.61704548922452,History,yfinance
IWM,2001-10-01,0.147,41.48233311971028,History,yfinance
IWM,2001-12-01,0.135,44.753809429350355,History,yfinance
IWM,2002-03-01,0.0575,46.581052478991054,History,yfinance
IWM,2002-06-01,0.1205,49.89204562794078,History,yfinance
IWM,2002-09-01,0.128,39.020682248202235,History,yfinance
IWM,2002-12-01,0.19,38.75400009155273,History,yfinance
IWM,2003-03-01,0.08,36.000526428222656,History,yfinance
IWM,2003-06-01,0.075,41.56285694667271,History,yfinance
IWM,2003-09-01,0.1185,47.45023818243118,History,yfinance
IWM,2003-12-01,0.1875,53.44921031751131,History,yfinance
IWM,2003-12-01,0.115,53.44921031751131,History,yfinance
IWM,2004-03-01,0.1045,58.016842089201276,History,yfinance
IWM,2004-06-01,0.1525,55.14199981689453,History,yfinance
IWM,2004-09-01,0.1325,53.475909146395594,History,yfinance
IWM,2004-12-01,0.2055,61.24333299909319,History,yfinance
IWM,2005-03-01,0.274,62.86552609895405,History,yfinance
IWM,2005-06-01,0.146,59.77238064720517,History,yfinance
IWM,2005-09-01,0.198,65.8973912778108,History,yfinance
IWM,2005-12-01,0.261,66.33571479434059,History,yfinance
IWM,2006-03-01,0.169,72.21105274401214,History,yfinance
IWM,2006-06-01,0.105,73.830454046076,History,yfinance
IWM,2006-09-01,0.231,69.70130389669667,History,yfinance
IWM,2006-12-01,0.329,77.16428447905041,History,yfinance
IWM,2007-03-01,0.154,80.75947329872533,History,yfinance
IWM,2007-06-01,0.159,82.32454577359286,History,yfinance
IWM,2007-09-01,0.195,77.79869477645211,History,yfinance
IWM,2007-12-01,0.267,76.67095256987072,History,yfinance
IWM,2008-03-01,0.11,70.40549926757812,History,yfinance
IWM,2008-07-01,0.257,72.6547615414574,History,yfinance
IWM,2008-09-01,0.15,73.16523851667132,History,yfinance
IWM,2008-12-01,0.361,46.90210523103413,History,yfinance
IWM,2009-03-01,0.141,43.17894724795693,History,yfinance
IWM,2009-07-01,0.181,51.58318190141158,History,yfinance
IWM,2009-09-01,0.145,57.04238092331659,History,yfinance
IWM,2009-12-01,0.253,58.590500068664554,History,yfinance
IWM,2010-03-01,0.172,61.38526374415348,History,yfinance
IWM,2010-07-01,0.199,64.49681819568981,History,yfinance
IWM,2010-09-01,0.165,62.54863686995073,History,yfinance
IWM,2010-12-01,0.357,72.43523842947823,History,yfinance
IWM,2011-03-01,0.169,81.28473703484786,History,yfinance
IWM,2011-07-01,0.252,79.97681773792614,History,yfinance
IWM,2011-09-01,0.25,70.35739168913469,History,yfinance
IWM,2011-12-01,0.36,72.12714349655877,History,yfinance
IWM,2012-03-01,0.251,82.14249992370605,History,yfinance
IWM,2012-06-01,0.377,77.87954538518733,History,yfinance
IWM,2012-09-01,0.332,80.22999970809273,History,yfinance
IWM,2012-12-01,0.727,80.07666633242653,History,yfinance
IWM,2013-03-01,0.264,90.60105293675473,History,yfinance
IWM,2013-07-01,0.43,97.33650054931641,History,yfinance
IWM,2013-09-01,0.283,103.02500013871627,History,yfinance
IWM,2013-12-01,0.437,110.40950050354004,History,yfinance
IWM,2014-03-01,0.302,113.5163160625257,History,yfinance
IWM,2014-07-01,0.459,116.29428536551339,History,yfinance
IWM,2014-09-01,0.305,113.93428584507534,History,yfinance
IWM,2014-12-01,0.445,116.7921058253238,History,yfinance
IWM,2015-03-01,0.383,120.85315864964535,History,yfinance
IWM,2015-07-01,0.529,126.18499963933772,History,yfinance
IWM,2015-09-01,0.324,118.0895236787342,History,yfinance
IWM,2015-12-01,0.496,117.33449974060059,History,yfinance
IWM,2016-03-01,0.327,99.67150001525879,History,yfinance
IWM,2016-07-01,0.621,114.95272723111239,History,yfinance
IWM,2016-09-01,0.344,122.41913073995839,History,yfinance
IWM,2016-12-01,0.563,126.33476257324219,History,yfinance
IWM,2017-03-01,0.387,137.77526132684005,History,yfinance
IWM,2017-07-01,0.609,140.44999972256747,History,yfinance
IWM,2017-09-01,0.349,137.8504346764606,History,yfinance
IWM,2017-12-01,0.579,149.0152384440104,History,yfinance
IWM,2018-03-01,0.362,151.19315860145971,History,yfinance
IWM,2018-07-01,0.595,166.47714378720238,History,yfinance
IWM,2018-09-01,0.45,169.07869620945144,History,yfinance
IWM,2018-12-01,0.469,151.66095406668526,History,yfinance
IWM,2019-03-01,0.412,154.08421084755346,History,yfinance
IWM,2019-06-01,0.533,153.6240893277255,History,yfinance
IWM,2019-09-01,0.544,148.96954553777522,History,yfinance
IWM,2019-12-01,0.597,159.24499969482423,History,yfinance
IWM,2020-03-01,0.42,163.35052650853208,History,yfinance
IWM,2020-06-01,0.466,130.94599952697754,History,yfinance
IWM,2020-09-01,0.566,155.62713986351378,History,yfinance
IWM,2020-12-01,0.592,173.2125015258789,History,yfinance
IWM,2021-03-01,0.398,222.11947230288857,History,yfinance
IWM,2021-06-01,0.347,221.01699981689453,History,yfinance
IWM,2021-09-01,0.679,220.74954570423472,History,yfinance
IWM,2021-12-01,0.666,234.5990484328497,History,yfinance
IWM,2022-03-01,0.4,201.1347367136102,History,yfinance
IWM,2022-06-01,0.494,180.24571591331846,History,yfinance
IWM,2022-09-01,0.861,192.45217431109884,History,yfinance
IWM,2022-12-01,0.83,182.6047617594401,History,yfinance
IWM,2023-03-01,0.631,191.91000044973273,History,yfinance
IWM,2023-06-01,0.509,174.5136358087713,History,yfinance
IWM,2023-09-01,0.829,189.0382610818614,History,yfinance
IWM,2023-12-01,0.734,174.75428626650856,History,yfinance
IWM,2024-03-01,0.522,198.71600112915038,History,yfinance
IWM,2024-06-01,0.562,204.90045443448153,History,yfinance
IWM,2024-09-01,0.752,211.997727134011,History,yfinance
IWM,2024-12-01,0.694,233.9624984741211,History,yfinance
IWM,2025-03-01,0.46,222.8063137656764,History,yfinance
IWM,2025-06-01,0.576,204.01666695731026,History,yfinance
IWM,2025-09-01,0.677,226.86857314336868,History,yfinance
QQQ,2003-12-01,0.014,35.13263180381373,History,yfinance
QQQ,2004-12-01,0.379,38.440476372128444,History,yfinance
QQQ,2005-06-01,0.035,36.727142697288876,History,yfinance
QQQ,2005-12-01,0.101,40.75095240275065,History,yfinance
QQQ,2006-03-01,0.029,41.11842105263158,History,yfinance
QQQ,2006-06-01,0.026,40.262272748080164,History,yfinance
QQQ,2006-09-01,0.023,37.72782582822053,History,yfinance
QQQ,2006-12-01,0.054,43.52761931646438,History,yfinance
QQQ,2007-03-01,0.027,44.3868418241802,History,yfinance
QQQ,2007-06-01,0.037,46.6263634074818,History,yfinance
QQQ,2007-09-01,0.026,47.50695684681768,History,yfinance
QQQ,2007-12-01,0.053,51.14714286440895,History,yfinance
QQQ,2008-03-01,0.033,43.920000076293945,History,yfinance
QQQ,2008-06-01,0.034,48.98714301699684,History,yfinance
QQQ,2008-09-01,0.028,46.86000006539481,History,yfinance
QQQ,2008-12-01,0.043,29.47736840499075,History,yfinance
QQQ,2009-03-01,0.049,29.517895046033356,History,yfinance
QQQ,2009-06-01,0.044,34.2875,History,yfinance
QQQ,2009-09-01,0.041,39.81761877877371,History,yfinance
QQQ,2009-12-01,0.073,43.36249961853027,History,yfinance
QQQ,2010-03-01,0.051,43.89842063502262,History,yfinance
QQQ,2010-06-01,0.089,46.560000038146974,History,yfinance
QQQ,2010-06-01,0.089,46.560000038146974,History,yfinance
QQQ,2010-09-01,0.112,45.225454503839664,History,yfinance
QQQ,2010-12-01,0.108,52.76714288620722,History,yfinance
QQQ,2011-03-01,0.077,57.78631611874229,History,yfinance
QQQ,2011-06-01,0.121,58.064761752174014,History,yfinance
QQQ,2011-09-01,0.104,53.37217413860819,History,yfinance
QQQ,2011-12-01,0.161,56.30142865862165,History,yfinance
QQQ,2011-12-01,0.049,56.30142865862165,History,yfinance
QQQ,2012-03-01,0.113,63.006500244140625,History,yfinance
QQQ,2012-06-01,0.143,63.55636371265758,History,yfinance
QQQ,2012-09-01,0.2,67.28260902736498,History,yfinance
QQQ,2012-12-01,0.367,64.27952375866118,History,yfinance
QQQ,2013-03-01,0.159,67.35736846923828,History,yfinance
QQQ,2013-06-01,0.224,73.12227283824573,History,yfinance
QQQ,2013-09-01,0.238,76.1981814991344,History,yfinance
QQQ,2013-12-01,0.272,83.40150032043456,History,yfinance
QQQ,2014-02-01,0.373,87.10809507824126,History,yfinance
QQQ,2014-03-01,0.206,88.60842172723068,History,yfinance
QQQ,2014-06-01,0.249,88.45428575788226,History,yfinance
QQQ,2014-09-01,0.238,97.18904731387184,History,yfinance
QQQ,2014-12-01,0.387,103.1015789634303,History,yfinance
QQQ,2015-03-01,0.248,105.92579048558285,History,yfinance
QQQ,2015-06-01,0.254,109.18350028991699,History,yfinance
QQQ,2015-09-01,0.26,107.91095152355376,History,yfinance
QQQ,2015-12-01,0.342,113.57099952697754,History,yfinance
QQQ,2016-03-01,0.318,100.73900108337402,History,yfinance
QQQ,2016-06-01,0.287,106.81238083612351,History,yfinance
QQQ,2016-09-01,0.294,116.72608682383661,History,yfinance
QQQ,2016-12-01,0.355,116.86285800025577,History,yfinance
QQQ,2017-03-01,0.274,128.2121043958162,History,yfinance
QQQ,2017-06-01,0.378,138.6463616111062,History,yfinance
QQQ,2017-09-01,0.319,143.16869453761888,History,yfinance
QQQ,2017-12-01,0.329,154.19285583496094,History,yfinance
QQQ,2018-03-01,0.277,163.34947365208677,History,yfinance
QQQ,2018-06-01,0.378,167.61818278919566,History,yfinance
QQQ,2018-09-01,0.33,181.6500005307405,History,yfinance
QQQ,2018-12-01,0.421,167.1019054594494,History,yfinance
QQQ,2019-03-01,0.324,171.14841983192846,History,yfinance
QQQ,2019-06-01,0.416,182.4318181818182,History,yfinance
QQQ,2019-09-01,0.384,185.81227250532672,History,yfinance
QQQ,2019-12-01,0.458,202.0559989929199,History,yfinance
QQQ,2020-03-01,0.363,226.61894707930716,History,yfinance
QQQ,2020-06-01,0.424,224.58099975585938,History,yfinance
QQQ,2020-12-01,0.561,289.9875015258789,History,yfinance
QQQ,2021-03-01,0.395,328.2594732987253,History,yfinance
QQQ,2021-06-01,0.397,328.31200408935547,History,yfinance
QQQ,2021-09-01,0.414,369.74000271883875,History,yfinance
QQQ,2021-12-01,0.491,395.72904895600817,History,yfinance
QQQ,2022-03-01,0.434,351.5378931949013,History,yfinance
QQQ,2022-06-01,0.527,301.6519063313802,History,yfinance
QQQ,2022-09-01,0.519,319.0865173339844,History,yfinance
QQQ,2022-12-01,0.655,279.3923819405692,History,yfinance
QQQ,2023-03-01,0.472,301.43684306897615,History,yfinance
QQQ,2023-06-01,0.504,330.3277310458097,History,yfinance
QQQ,2023-09-01,0.536,368.99869570524794,History,yfinance
QQQ,2023-12-01,0.808,380.39761933826264,History,yfinance
QQQ,2023-12-01,0.216,380.39761933826264,History,yfinance
QQQ,2024-03-01,0.573,432.35749969482424,History,yfinance
QQQ,2024-06-01,0.762,446.8031796542081,History,yfinance
QQQ,2024-09-01,0.677,464.1800009987571,History,yfinance
QQQ,2024-12-01,0.835,504.5764984130859,History,yfinance
QQQ,2025-03-01,0.716,525.2594700863486,History,yfinance
QQQ,2025-06-01,0.591,506.57237752278644,History,yfinance
QQQ,2025-09-01,0.694,571.0128609793527,History,yfinance
SCHD,2011-12-01,0.040667,8.43031747000558,History,yfinance
SCHD,2012-03-01,0.046,9.045333337783813,History,yfinance
SCHD,2012-06-01,0.068667,9.06378785046664,History,yfinance
SCHD,2012-09-01,0.069333,9.536086953204611,History,yfinance
SCHD,2012-12-01,0.086,9.379523731413341,History,yfinance
SCHD,2013-03-01,0.066333,10.09473695253071,History,yfinance
SCHD,2013-06-01,0.075,11.159848429939963,History,yfinance
SCHD,2013-09-01,0.077,11.241666837172074,History,yfinance
SCHD,2013-12-01,0.083,11.981666707992554,History,yfinance
SCHD,2014-03-01,0.082667,11.822982537119012,History,yfinance
SCHD,2014-06-01,0.089667,12.515555518014091,History,yfinance
SCHD,2014-09-01,0.084667,12.721746081397647,History,yfinance
SCHD,2014-12-01,0.091667,13.329473545676784,History,yfinance
SCHD,2015-03-01,0.09,13.437719294899388,History,yfinance
SCHD,2015-06-01,0.102,13.361999797821046,History,yfinance
SCHD,2015-09-01,0.099667,12.540158725920177,History,yfinance
SCHD,2015-12-01,0.090667,13.01033320426941,History,yfinance
SCHD,2016-03-01,0.099333,12.497000074386596,History,yfinance
SCHD,2016-06-01,0.105667,13.388254074823289,History,yfinance
SCHD,2016-09-01,0.081333,14.196811551633088,History,yfinance
SCHD,2016-12-01,0.133,14.110793567839123,History,yfinance
SCHD,2017-03-01,0.108667,14.70368410411634,History,yfinance
SCHD,2017-06-01,0.110333,14.938181790438565,History,yfinance
SCHD,2017-09-01,0.114667,15.248115871263588,History,yfinance
SCHD,2017-12-01,0.115,16.35952395484561,History,yfinance
SCHD,2018-03-01,0.087333,16.893508609972503,History,yfinance
SCHD,2018-06-01,0.135333,16.34257581017234,History,yfinance
SCHD,2018-09-01,0.122333,17.366086793982465,History,yfinance
SCHD,2018-12-01,0.135,16.90698396591913,History,yfinance
SCHD,2019-03-01,0.117333,17.055789445575915,History,yfinance
SCHD,2019-06-01,0.140333,17.35393948988481,History,yfinance
SCHD,2019-09-01,0.162,17.44924241846258,History,yfinance
SCHD,2019-12-01,0.155333,18.90883340835571,History,yfinance
SCHD,2020-03-01,0.147333,19.111228039390163,History,yfinance
SCHD,2020-06-01,0.147333,16.839666652679444,History,yfinance
SCHD,2020-09-01,0.181,18.90730158487956,History,yfinance
SCHD,2020-12-01,0.200667,20.38333339691162,History,yfinance
SCHD,2021-03-01,0.167667,22.325789501792507,History,yfinance
SCHD,2021-06-01,0.18,25.544999980926512,History,yfinance
SCHD,2021-09-01,0.195667,25.704090898687188,History,yfinance
SCHD,2021-12-01,0.206667,26.15015883672805,History,yfinance
SCHD,2022-03-01,0.172667,25.97175447564376,History,yfinance
SCHD,2022-06-01,0.234667,25.506666455950057,History,yfinance
SCHD,2022-09-01,0.212333,25.150724742723547,History,yfinance
SCHD,2022-12-01,0.234333,25.361746106828964,History,yfinance
SCHD,2023-03-01,0.199,25.49070167541504,History,yfinance
SCHD,2023-06-01,0.221667,23.451060555197976,History,yfinance
SCHD,2023-09-01,0.218333,24.682463438614555,History,yfinance
SCHD,2023-12-01,0.247333,23.525238127935502,History,yfinance
SCHD,2024-03-01,0.203667,25.697666549682616,History,yfinance
SCHD,2024-06-01,0.274667,26.19636362249201,History,yfinance
SCHD,2024-09-01,0.251667,27.2272725538774,History,yfinance
SCHD,2024-12-01,0.265,28.93149995803833,History,yfinance
SCHD,2025-03-01,0.249,27.992105383622018,History,yfinance
SCHD,2025-06-01,0.26,26.0771427154541,History,yfinance
SCHD,2025-09-01,0.26,27.280000141688756,History,yfinance
SPY,1993-03-01,0.213,44.29111842105263,History,yfinance
SPY,1993-06-01,0.318,44.6625,History,yfinance
SPY,1993-09-01,0.286,45.57386363636363,History,yfinance
SPY,1993-12-01,0.317,46.401785714285715,History,yfinance
SPY,1994-03-01,0.271,47.27302631578947,History,yfinance
SPY,1994-06-01,0.305,45.20386904761905,History,yfinance
SPY,1994-09-01,0.288,46.561820652173914,History,yfinance
SPY,1994-12-01,0.363,46.29092261904762,History,yfinance
SPY,1995-03-01,0.268,48.38404605263158,History,yfinance
SPY,1995-06-01,0.316,52.57954545454545,History,yfinance
SPY,1995-09-01,0.312,56.08559782608695,History,yfinance
SPY,1995-12-01,0.382,59.80357142857143,History,yfinance
SPY,1996-03-01,0.285,65.05859375,History,yfinance
SPY,1996-06-01,0.351,66.33735795454545,History,yfinance
SPY,1996-09-01,0.352,66.43536931818181,History,yfinance
SPY,1996-12-01,0.367,73.85703125,History,yfinance
SPY,1997-03-01,0.299,79.9720394736842,History,yfinance
SPY,1997-06-01,0.35,83.54166666666667,History,yfinance
SPY,1997-09-01,0.348,92.87202380952381,History,yfinance
SPY,1997-12-01,0.38,94.06496710526316,History,yfinance
SPY,1998-03-01,0.313,102.53536184210526,History,yfinance
SPY,1998-06-01,0.352,111.0125,History,yfinance
SPY,1998-09-01,0.359,107.61904761904762,History,yfinance
SPY,1998-12-01,0.392,114.725,History,yfinance
SPY,1999-03-01,0.32,124.65460526315789,History,yfinance
SPY,1999-06-01,0.405,133.54609375,History,yfinance
SPY,1999-09-01,0.372,133.05894886363637,History,yfinance
SPY,1999-12-01,0.348,139.33928571428572,History,yfinance
SPY,2000-03-01,0.371,139.0703125,History,yfinance
SPY,2000-06-01,0.348,142.01633522727272,History,yfinance
SPY,2000-09-01,0.375,148.9633152173913,History,yfinance
SPY,2000-12-01,0.411,137.78348214285714,History,yfinance
SPY,2001-03-01,0.316,130.93473534835013,History,yfinance
SPY,2001-06-01,0.346,127.42363634976473,History,yfinance
SPY,2001-09-01,0.369,118.29782568890116,History,yfinance
SPY,2001-12-01,0.393,113.46619124639602,History,yfinance
SPY,2002-03-01,0.331,110.47315697920949,History,yfinance
SPY,2002-06-01,0.353,108.33909156105734,History,yfinance
SPY,2002-09-01,0.378,91.68454534357244,History,yfinance
SPY,2002-12-01,0.436,91.46300048828125,History,yfinance
SPY,2003-03-01,0.354,84.28631551642167,History,yfinance
SPY,2003-06-01,0.36,94.01095254080636,History,yfinance
SPY,2003-09-01,0.4,99.40857187906902,History,yfinance
SPY,2003-12-01,0.516,105.47157849763569,History,yfinance
SPY,2004-03-01,0.395,114.74526294909026,History,yfinance
SPY,2004-06-01,0.414,110.76799926757812,History,yfinance
SPY,2004-09-01,0.469,109.44136359474875,History,yfinance
SPY,2004-11-01,0.351,112.18285660516648,History,yfinance
SPY,2004-12-01,0.568,117.30761973063152,History,yfinance
SPY,2005-03-01,0.467,120.07684125398335,History,yfinance
SPY,2005-06-01,0.488,118.02047656831287,History,yfinance
SPY,2005-09-01,0.522,122.69695680037789,History,yfinance
SPY,2005-12-01,0.672,124.03380948021298,History,yfinance
SPY,2006-03-01,0.519,127.76736972206517,History,yfinance
SPY,2006-06-01,0.555,129.11045455932617,History,yfinance
SPY,2006-09-01,0.579,128.97956516431725,History,yfinance
SPY,2006-12-01,0.793,139.1461908249628,History,yfinance
SPY,2007-03-01,0.551,144.59842079564146,History,yfinance
SPY,2007-06-01,0.656,151.29954598166725,History,yfinance
SPY,2007-09-01,0.719,145.6456517758577,History,yfinance
SPY,2007-12-01,0.775,146.47809491838728,History,yfinance
SPY,2008-03-01,0.642,135.67250061035156,History,yfinance
SPY,2008-06-01,0.669,140.47047714960007,History,yfinance
SPY,2008-09-01,0.691,128.3614283970424,History,yfinance
SPY,2008-12-01,0.719,88.58999995181435,History,yfinance
SPY,2009-03-01,0.561,80.72789563630757,History,yfinance
SPY,2009-06-01,0.518,90.49350013732911,History,yfinance
SPY,2009-09-01,0.508,101.2557140531994,History,yfinance
SPY,2009-12-01,0.59,109.0799991607666,History,yfinance
SPY,2010-03-01,0.48,109.15315808747944,History,yfinance
SPY,2010-06-01,0.531,112.7900001525879,History,yfinance
SPY,2010-09-01,0.602,109.0522724498402,History,yfinance
SPY,2010-12-01,0.653,120.13904753185454,History,yfinance
SPY,2011-03-01,0.553,132.30157952559622,History,yfinance
SPY,2011-06-01,0.628,134.07428414481026,History,yfinance
SPY,2011-09-01,0.625,118.78478340480639,History,yfinance
SPY,2011-12-01,0.77,122.96238163539341,History,yfinance
SPY,2012-03-01,0.614,135.46049957275392,History,yfinance
SPY,2012-06-01,0.688,134.41863805597478,History,yfinance
SPY,2012-09-01,0.779,140.70347794242528,History,yfinance
SPY,2012-12-01,1.022,139.78142874581474,History,yfinance
SPY,2013-03-01,0.694,151.34368494937294,History,yfinance
SPY,2013-06-01,0.839,164.18954398415306,History,yfinance
SPY,2013-09-01,0.838,167.2113633589311,History,yfinance
SPY,2013-12-01,0.98,178.58750076293944,History,yfinance
SPY,2014-03-01,0.825,181.83894749691612,History,yfinance
SPY,2014-06-01,0.937,189.17523847307478,History,yfinance
SPY,2014-09-01,0.939,196.35142880394346,History,yfinance
SPY,2014-12-01,1.135,204.67526245117188,History,yfinance
SPY,2015-03-01,0.931,208.3005266691509,History,yfinance
SPY,2015-06-01,1.03,211.36150054931642,History,yfinance
SPY,2015-09-01,1.033,204.2819061279297,History,yfinance
SPY,2015-12-01,1.212,208.36849975585938,History,yfinance
SPY,2016-03-01,1.05,190.57549972534179,History,yfinance
SPY,2016-06-01,1.078,206.66666666666666,History,yfinance
SPY,2016-09-01,1.082,217.8756514839504,History,yfinance
SPY,2016-12-01,1.329,216.6671425955636,History,yfinance
SPY,2017-03-01,1.033,232.87789515445107,History,yfinance
SPY,2017-06-01,1.183,239.52681870894,History,yfinance
SPY,2017-09-01,1.235,245.63260882833728,History,yfinance
SPY,2017-12-01,1.351,259.2680940173921,History,yfinance
SPY,2018-03-01,1.097,270.2368388928865,History,yfinance
SPY,2018-06-01,1.246,270.0704526034269,History,yfinance
SPY,2018-09-01,1.323,285.6926110309103,History,yfinance
SPY,2018-12-01,1.435,272.20762125651044,History,yfinance
SPY,2019-03-01,1.233,275.23526482833057,History,yfinance
SPY,2019-06-01,1.432,285.3022724498402,History,yfinance
SPY,2019-09-01,1.384,289.59908918900925,History,yfinance
SPY,2019-12-01,1.57,310.28699798583983,History,yfinance
SPY,2020-03-01,1.406,327.3726356907895,History,yfinance
SPY,2020-06-01,1.366,291.6530014038086,History,yfinance
SPY,2020-09-01,1.339,338.7480948311942,History,yfinance
SPY,2020-12-01,1.58,354.4200012207031,History,yfinance
SPY,2021-03-01,1.278,387.48157701994245,History,yfinance
SPY,2021-06-01,1.376,415.9764999389648,History,yfinance
SPY,2021-09-01,1.428,444.520000110973,History,yfinance
SPY,2021-12-01,1.633,465.7557155064174,History,yfinance
SPY,2022-03-01,1.366,442.54368832236844,History,yfinance
SPY,2022-06-01,1.577,403.34190586635043,History,yfinance
SPY,2022-09-01,1.596,415.1213060461956,History,yfinance
SPY,2022-12-01,1.781,391.11523873465404,History,yfinance
SPY,2023-03-01,1.506,407.07263344212583,History,yfinance
SPY,2023-06-01,1.638,413.8809093128551,History,yfinance
SPY,2023-09-01,1.583,444.91826331097144,History,yfinance
SPY,2023-12-01,1.906,445.25333222888764,History,yfinance
SPY,2024-03-01,1.595,499.97150268554685,History,yfinance
SPY,2024-06-01,1.759,522.4204559326172,History,yfinance
SPY,2024-09-01,1.746,546.551816073331,History,yfinance
SPY,2024-12-01,1.966,591.6015014648438,History,yfinance
SPY,2025-03-01,1.696,602.3036820261102,History,yfinance
SPY,2025-06-01,1.761,579.5833362397693,History,yfinance
SPY,2025-09-01,1.831,639.2985636393229,History,yfinance
VTI,2001-09-01,0.1575,54.0278260604195,History,yfinance
VTI,2001-12-01,0.1965,51.54309554327102,History,yfinance
VTI,2002-03-01,0.15,50.90499998393812,History,yfinance
VTI,2002-06-01,0.13,50.61840941689231,History,yfinance
VTI,2002-09-01,0.15,42.693863435225055,History,yfinance
VTI,2002-12-01,0.196,42.52574977874756,History,yfinance
VTI,2003-03-01,0.15,39.37026335063734,History,yfinance
VTI,2003-06-01,0.15,44.14999989100865,History,yfinance
VTI,2003-09-01,0.17,47.29928570701962,History,yfinance
VTI,2003-12-01,0.221,50.74973638434159,History,yfinance
VTI,2004-03-01,0.175,55.19947373239618,History,yfinance
VTI,2004-06-01,0.19,53.18350028991699,History,yfinance
VTI,2004-09-01,0.1935,52.361818140203304,History,yfinance
VTI,2004-12-01,0.3925,56.88095219930013,History,yfinance
VTI,2005-03-01,0.219,58.46473653692948,History,yfinance
VTI,2005-06-01,0.2015,57.41238130841936,History,yfinance
VTI,2005-09-01,0.285,60.41217405899711,History,yfinance
VTI,2005-12-01,0.336,61.192619142078215,History,yfinance
VTI,2006-03-01,0.263,63.53552647640831,History,yfinance
VTI,2006-06-01,0.2675,64.31749985434793,History,yfinance
VTI,2006-09-01,0.2645,63.57652166615362,History,yfinance
VTI,2006-12-01,0.356,68.8202383858817,History,yfinance
VTI,2007-03-01,0.3055,71.96578939337479,History,yfinance
VTI,2007-06-01,0.2855,75.07113682140003,History,yfinance
VTI,2007-09-01,0.321,72.10021773628567,History,yfinance
VTI,2007-12-01,0.3855,72.64380936395554,History,yfinance
VTI,2008-03-01,0.3115,67.3492504119873,History,yfinance
VTI,2008-06-01,0.313,69.91595241001674,History,yfinance
VTI,2008-09-01,0.296,64.48619115920295,History,yfinance
VTI,2008-12-01,0.335,43.6510527761359,History,yfinance
VTI,2009-03-01,0.278,40.17000037745426,History,yfinance
VTI,2009-06-01,0.223,45.367500114440915,History,yfinance
VTI,2009-09-01,0.248,51.12523796444847,History,yfinance
VTI,2009-12-01,0.358,54.86849994659424,History,yfinance
VTI,2010-03-01,0.236,55.34526302939967,History,yfinance
VTI,2010-06-01,0.269,57.67299976348877,History,yfinance
VTI,2010-09-01,0.297,55.4736362804066,History,yfinance
VTI,2010-12-01,0.346,61.71047592163086,History,yfinance
VTI,2011-03-01,0.283,68.27368445145457,History,yfinance
VTI,2011-06-01,0.283,69.38857196626209,History,yfinance
VTI,2011-09-01,0.306,60.99434811135997,History,yfinance
VTI,2011-12-01,0.361,63.01428476969401,History,yfinance
VTI,2012-03-01,0.308,69.87150001525879,History,yfinance
VTI,2012-06-01,0.346,68.94181893088601,History,yfinance
VTI,2012-09-01,0.364,71.80304353133492,History,yfinance
VTI,2012-12-01,0.545,71.5952380952381,History,yfinance
VTI,2013-03-01,0.364,78.10368387322677,History,yfinance
VTI,2013-06-01,0.386,84.59181768243963,History,yfinance
VTI,2013-09-01,0.429,86.70318256724964,History,yfinance
VTI,2013-12-01,0.494,92.63800010681152,History,yfinance
VTI,2014-03-01,0.423,94.8647376612613,History,yfinance
VTI,2014-06-01,0.42,97.846189953032,History,yfinance
VTI,2014-09-01,0.465,101.57714298793248,History,yfinance
VTI,2014-12-01,0.561,105.41947374845806,History,yfinance
VTI,2015-03-01,0.508,107.71684184827302,History,yfinance
VTI,2015-06-01,0.468,109.39350051879883,History,yfinance
VTI,2015-09-01,0.508,105.57285708472843,History,yfinance
VTI,2015-12-01,0.583,106.85199966430665,History,yfinance
VTI,2016-03-01,0.48,96.58300018310547,History,yfinance
VTI,2016-06-01,0.469,105.490476335798,History,yfinance
VTI,2016-09-01,0.539,111.788260086723,History,yfinance
VTI,2016-12-01,0.727,111.52238210042317,History,yfinance
VTI,2017-03-01,0.542,120.13789447985198,History,yfinance
VTI,2017-06-01,0.575,123.0686361139471,History,yfinance
VTI,2017-09-01,0.553,125.88173940907355,History,yfinance
VTI,2017-12-01,0.673,133.317143031529,History,yfinance
VTI,2018-03-01,0.566,138.6157909192537,History,yfinance
VTI,2018-06-01,0.603,139.39409013227984,History,yfinance
VTI,2018-09-01,0.714,147.5595650050951,History,yfinance
VTI,2018-12-01,0.721,139.43904767717635,History,yfinance
VTI,2019-03-01,0.772,141.58894910310445,History,yfinance
VTI,2019-06-01,0.547,146.0168193470348,History,yfinance
VTI,2019-09-01,0.7,147.7740901600231,History,yfinance
VTI,2019-12-01,0.886,157.87250061035155,History,yfinance
VTI,2020-03-01,0.614,166.5257897627981,History,yfinance
VTI,2020-06-01,0.7,146.92300109863282,History,yfinance
VTI,2020-09-01,0.674,171.90333266485305,History,yfinance
VTI,2020-12-01,0.782,182.00899810791014,History,yfinance
VTI,2021-03-01,0.672,204.06526344700865,History,yfinance
VTI,2021-06-01,0.675,215.53099899291993,History,yfinance
VTI,2021-09-01,0.724,229.46727267178622,History,yfinance
VTI,2021-12-01,0.859,240.33380853562127,History,yfinance
VTI,2022-03-01,0.708,223.5647382234272,History,yfinance
VTI,2022-06-01,0.749,201.8661905924479,History,yfinance
VTI,2022-09-01,0.796,208.51999962848166,History,yfinance
VTI,2022-12-01,0.931,196.1576196579706,History,yfinance
VTI,2023-03-01,0.786,204.88631479363693,History,yfinance
VTI,2023-06-01,0.827,205.42272671786222,History,yfinance
VTI,2023-09-01,0.798,221.37086818529212,History,yfinance
VTI,2023-12-01,1.002,220.2857135591053,History,yfinance
VTI,2024-03-01,0.911,248.27800064086915,History,yfinance
VTI,2024-06-01,0.952,258.71454481645065,History,yfinance
VTI,2024-09-01,0.871,269.5763639970259,History,yfinance
VTI,2024-12-01,0.941,293.65049743652344,History,yfinance
VTI,2025-03-01,0.985,297.940529271176,History,yfinance
VTI,2025-06-01,0.913,285.24856858026413,History,yfinance
VYM,2006-12-01,0.175,50.422000122070315,History,yfinance
VYM,2007-03-01,0.268,52.344210172954355,History,yfinance
VYM,2007-06-01,0.296,54.739999771118164,History,yfinance
VYM,2007-09-01,0.346,52.59000015258789,History,yfinance
VYM,2007-12-01,0.447,51.67904772077288,History,yfinance
VYM,2008-03-01,0.371,48.36100025177002,History,yfinance
VYM,2008-06-01,0.371,48.53952389671689,History,yfinance
VYM,2008-09-01,0.371,44.25047592889695,History,yfinance
VYM,2008-12-01,0.33,33.06368406195389,History,yfinance
VYM,2009-03-01,0.31,27.874210558439557,History,yfinance
VYM,2009-06-01,0.28,31.498000144958496,History,yfinance
VYM,2009-09-01,0.257,35.39047586350214,History,yfinance
VYM,2009-12-01,0.321,37.43600006103516,History,yfinance
VYM,2010-03-01,0.229,37.322631434390416,History,yfinance
VYM,2010-06-01,0.273,38.36599979400635,History,yfinance
VYM,2010-09-01,0.276,37.52636354619806,History,yfinance
VYM,2010-12-01,0.313,40.58666719709124,History,yfinance
VYM,2011-03-01,0.31,43.90210523103413,History,yfinance
VYM,2011-06-01,0.335,45.61999965849377,History,yfinance
VYM,2011-09-01,0.307,41.24695670086405,History,yfinance
VYM,2011-12-01,0.375,43.2471429734003,History,yfinance
VYM,2012-03-01,0.328,47.11450042724609,History,yfinance
VYM,2012-06-01,0.37,47.012727390636094,History,yfinance
VYM,2012-09-01,0.403,49.59782558938731,History,yfinance
VYM,2012-12-01,0.492,49.06380916777111,History,yfinance
VYM,2013-03-01,0.361,52.823684090062194,History,yfinance
VYM,2013-06-01,0.419,57.415453997525304,History,yfinance
VYM,2013-09-01,0.437,57.974545912309125,History,yfinance
VYM,2013-12-01,0.532,61.26049976348877,History,yfinance
VYM,2014-03-01,0.401,60.66736843711451,History,yfinance
VYM,2014-06-01,0.476,64.46952383858817,History,yfinance
VYM,2014-09-01,0.469,66.23190452938988,History,yfinance
VYM,2014-12-01,0.562,69.30210515072471,History,yfinance
VYM,2015-03-01,0.462,69.48421116879112,History,yfinance
VYM,2015-06-01,0.56,69.9515007019043,History,yfinance
VYM,2015-09-01,0.528,66.25142742338635,History,yfinance
VYM,2015-12-01,0.599,67.946000289917,History,yfinance
VYM,2016-03-01,0.478,64.51450080871582,History,yfinance
VYM,2016-06-01,0.578,69.54523831322079,History,yfinance
VYM,2016-09-01,0.483,72.98652217699134,History,yfinance
VYM,2016-12-01,0.667,72.82380930582683,History,yfinance
VYM,2017-03-01,0.56,77.14736858167146,History,yfinance
VYM,2017-06-01,0.596,77.43000030517578,History,yfinance
VYM,2017-09-01,0.602,78.9526081914487,History,yfinance
VYM,2017-12-01,0.643,82.96714310418992,History,yfinance
VYM,2018-03-01,0.608,85.12894801089638,History,yfinance
VYM,2018-06-01,0.63,83.67681746049361,History,yfinance
VYM,2018-09-01,0.672,86.92130478568698,History,yfinance
VYM,2018-12-01,0.739,84.68047514415923,History,yfinance
VYM,2019-03-01,0.652,84.50684276380036,History,yfinance
VYM,2019-06-01,0.625,85.66545382412997,History,yfinance
VYM,2019-09-01,0.786,85.48999959772283,History,yfinance
VYM,2019-12-01,0.779,91.2379997253418,History,yfinance
VYM,2020-03-01,0.554,91.91368384110301,History,yfinance
VYM,2020-06-01,0.837,76.8609992980957,History,yfinance
VYM,2020-09-01,0.705,83.29190535772415,History,yfinance
VYM,2020-12-01,0.81,87.04599952697754,History,yfinance
VYM,2021-03-01,0.656,95.35579038921155,History,yfinance
VYM,2021-06-01,0.752,106.39200057983399,History,yfinance
VYM,2021-09-01,0.749,107.06136391379617,History,yfinance
VYM,2021-12-01,0.939,109.70428539457775,History,yfinance
VYM,2022-03-01,0.662,111.17105343467311,History,yfinance
VYM,2022-06-01,0.848,108.51142883300781,History,yfinance
VYM,2022-09-01,0.767,107.26521699324898,History,yfinance
VYM,2022-12-01,0.975,109.43095179966518,History,yfinance
VYM,2023-03-01,0.717,109.39631532367908,History,yfinance
VYM,2023-06-01,0.877,103.40500051325017,History,yfinance
VYM,2023-09-01,0.785,107.80826137376869,History,yfinance
VYM,2023-12-01,1.1,104.25428553989956,History,yfinance
VYM,2024-03-01,0.656,113.85750007629395,History,yfinance
VYM,2024-06-01,1.024,119.21363657171077,History,yfinance
VYM,2024-09-01,0.851,122.84318299727006,History,yfinance
VYM,2024-12-01,0.964,131.76700096130372,History,yfinance
VYM,2025-03-01,0.85,133.3431581196032,History,yfinance
VYM,2025-06-01,0.862,127.51381029401507,History,yfinance
VYM,2025-09-01,0.842,136.78238133021765,History,yfinance
XLK,1999-12-01,0.001,45.467261904761905,History,yfinance
XLK,2002-12-01,0.041,15.900000047683715,History,yfinance
XLK,2003-12-01,0.141,19.751052555285003,History,yfinance
XLK,2004-12-01,0.418,20.833809807187034,History,yfinance
XLK,2005-12-01,0.148,21.25238100687663,History,yfinance
XLK,2006-09-01,0.044,20.34000015258789,History,yfinance
XLK,2006-12-01,0.135,23.283809480212984,History,yfinance
XLK,2007-06-01,0.018,25.13590908050537,History,yfinance
XLK,2007-09-01,0.053,25.446956634521484,History,yfinance
XLK,2007-12-01,0.123,26.472857248215448,History,yfinance
XLK,2008-03-01,0.006,22.695999813079833,History,yfinance
XLK,2008-06-01,0.069,24.900952566237677,History,yfinance
XLK,2008-09-01,0.071,23.08999978928339,History,yfinance
XLK,2008-12-01,0.081,15.112631546823602,History,yfinance
XLK,2009-03-01,0.077,14.92684208719354,History,yfinance
XLK,2009-06-01,0.081,17.234499835968016,History,yfinance
XLK,2009-09-01,0.077,19.83619045075916,History,yfinance
XLK,2009-12-01,0.079,21.658499908447265,History,yfinance
XLK,2010-03-01,0.073,21.44210524308054,History,yfinance
XLK,2010-06-01,0.079,22.20950002670288,History,yfinance
XLK,2010-09-01,0.081,21.55500030517578,History,yfinance
XLK,2010-12-01,0.09,24.482381184895832,History,yfinance
XLK,2011-03-01,0.084,26.66947384884483,History,yfinance
XLK,2011-06-01,0.098,26.323809305826824,History,yfinance
XLK,2011-09-01,0.094,24.02260871555494,History,yfinance
XLK,2011-12-01,0.109,25.46904745556059,History,yfinance
XLK,2012-03-01,0.096,28.266499996185303,History,yfinance
XLK,2012-06-01,0.109,28.509545412930574,History,yfinance
XLK,2012-09-01,0.13,30.20869553607443,History,yfinance
XLK,2012-12-01,0.168,28.569523856753396,History,yfinance
XLK,2013-03-01,0.124,29.682105214972246,History,yfinance
XLK,2013-06-01,0.155,31.620454528115012,History,yfinance
XLK,2013-09-01,0.158,31.914999875155363,History,yfinance
XLK,2013-12-01,0.171,34.08699951171875,History,yfinance
XLK,2014-03-01,0.157,35.564737018785976,History,yfinance
XLK,2014-06-01,0.176,36.841904594784694,History,yfinance
XLK,2014-09-01,0.174,39.44190470377604,History,yfinance
XLK,2014-12-01,0.216,41.382105375591074,History,yfinance
XLK,2015-03-01,0.173,42.145263671875,History,yfinance
XLK,2015-06-01,0.193,43.12949981689453,History,yfinance
XLK,2015-09-01,0.183,41.31666619437082,History,yfinance
XLK,2015-12-01,0.216,43.76299991607666,History,yfinance
XLK,2016-03-01,0.22,40.276500129699706,History,yfinance
XLK,2016-06-01,0.211,42.72952343168713,History,yfinance
XLK,2016-09-01,0.196,46.956087029498555,History,yfinance
XLK,2016-12-01,0.216,47.2004759652274,History,yfinance
XLK,2017-03-01,0.205,51.63578876696135,History,yfinance
XLK,2017-06-01,0.223,55.517272602428086,History,yfinance
XLK,2017-09-01,0.209,57.71869559909987,History,yfinance
XLK,2017-12-01,0.238,63.68476195562454,History,yfinance
XLK,2018-03-01,0.218,66.3078946565327,History,yfinance
XLK,2018-06-01,0.255,68.899545842951,History,yfinance
XLK,2018-09-01,0.254,73.61130390996519,History,yfinance
XLK,2018-12-01,0.265,67.60142807733445,History,yfinance
XLK,2019-03-01,0.233,69.21526256360505,History,yfinance
XLK,2019-06-01,0.278,75.19318181818181,History,yfinance
XLK,2019-09-01,0.253,78.43681820956144,History,yfinance
XLK,2019-12-01,0.295,86.6254997253418,History,yfinance
XLK,2020-03-01,0.371,98.13842090807464,History,yfinance
XLK,2020-06-01,0.281,94.3510009765625,History,yfinance
XLK,2020-09-01,0.247,116.40714263916016,History,yfinance
XLK,2020-12-01,0.298,120.10800056457519,History,yfinance
XLK,2021-03-01,0.273,135.01052776135896,History,yfinance
XLK,2021-06-01,0.26,136.45199890136718,History,yfinance
XLK,2021-09-01,0.273,155.38181929154828,History,yfinance
XLK,2021-12-01,0.317,167.27047584170387,History,yfinance
XLK,2022-03-01,0.286,156.86000141344573,History,yfinance
XLK,2022-06-01,0.323,136.99285961332777,History,yfinance
XLK,2022-09-01,0.317,145.3639134946077,History,yfinance
XLK,2022-12-01,0.365,129.0780966622489,History,yfinance
XLK,2023-03-01,0.316,140.16894772178247,History,yfinance
XLK,2023-06-01,0.362,154.50090789794922,History,yfinance
XLK,2023-09-01,0.36,170.1239126454229,History,yfinance
XLK,2023-12-01,0.422,179.68571326846168,History,yfinance
XLK,2024-03-01,0.339,203.94099960327148,History,yfinance
XLK,2024-06-01,0.4,208.8054532137784,History,yfinance
XLK,2024-09-01,0.399,214.53954523259944,History,yfinance
XLK,2024-12-01,0.386,232.28450088500978,History,yfinance
XLK,2025-03-01,0.375,234.09368414627878,History,yfinance
XLK,2025-06-01,0.398,226.35666692824591,History,yfinance
XLK,2025-09-01,0.358,263.4847644624256,History,yfinance
AGG,2025-10-31,0.3117335015833378,,Prediction,model
AGG,2025-11-30,0.3159200342744589,,Prediction,model
AGG,2025-12-31,0.3186591663807631,,Prediction,model
AGG,2026-01-31,0.32114233517646795,,Prediction,model
AGG,2026-02-28,0.3254900178164244,,Prediction,model
EEM,2025-12-31,0.40040273112058644,,Prediction,model
EEM,2026-06-30,0.485677654221654,,Prediction,model
EEM,2026-12-31,0.4077125940769911,,Prediction,model
EEM,2027-06-30,0.49925869275629525,,Prediction,model
EEM,2027-12-31,0.3078898816853762,,Prediction,model
EFA,2025-12-31,0.9658299438357355,,Prediction,model
EFA,2026-06-30,0.9736798229515554,,Prediction,model
EFA,2026-12-31,1.0256933668255808,,Prediction,model
EFA,2027-06-30,1.0285630869865419,,Prediction,model
EFA,2027-12-31,0.7967209747731687,,Prediction,model
IWM,2025-12-31,0.8142431870102884,,Prediction,model
IWM,2026-03-31,0.7867402822673323,,Prediction,model
IWM,2026-06-30,0.7366689378321172,,Prediction,model
IWM,2026-09-30,0.8429281162023546,,Prediction,model
IWM,2026-12-31,0.8400584556162359,,Prediction,model
QQQ,2025-12-31,0.7002880113422872,,Prediction,model
QQQ,2026-03-31,0.7156098267734052,,Prediction,model
QQQ,2026-06-30,0.7066986814141275,,Prediction,model
QQQ,2026-09-30,1.0072131315469743,,Prediction,model
QQQ,2026-12-31,0.24906320989131933,,Prediction,model
SCHD,2025-12-31,0.2607217980474234,,Prediction,model
SCHD,2026-03-31,0.25351678681373596,,Prediction,model
SCHD,2026-06-30,0.2639595120102167,,Prediction,model
SCHD,2026-09-30,0.26624685829877853,,Prediction,model
SCHD,2026-12-31,0.2752211529910565,,Prediction,model
SPY,2025-12-31,1.8956558549404146,,Prediction,model
SPY,2026-03-31,1.9194214510917667,,Prediction,model
SPY,2026-06-30,1.954397364497185,,Prediction,model
SPY,2026-09-30,1.9844714598655704,,Prediction,model
SPY,2026-12-31,2.01692354464531,,Prediction,model
VTI,2025-09-30,1.0616874142885209,,Prediction,model
VTI,2025-12-31,1.0994147322177887,,Prediction,model
VTI,2026-03-31,1.0983728873729706,,Prediction,model
VTI,2026-06-30,1.1281729384660721,,Prediction,model
VTI,2026-09-30,1.1456321800947191,,Prediction,model
VYM,2025-12-31,0.9526986953616144,,Prediction,model
VYM,2026-03-31,0.9265409309864046,,Prediction,model
VYM,2026-06-30,0.9573673374652865,,Prediction,model
VYM,2026-09-30,0.9545326473116876,,Prediction,model
VYM,2026-12-31,0.9930427190959455,,Prediction,model
XLK,2025-12-31,0.446494893103838,,Prediction,model
XLK,2026-03-31,0.4103986449986697,,Prediction,model
XLK,2026-06-30,0.44173819938302045,,Prediction,model
XLK,2026-09-30,0.43213357307016853,,Prediction,model
XLK,2026-12-31,0.4792887885421515,,Prediction,model
